Números,Horários
0,11:21
0,11:22
6,11:22
9,11:23
11,11:23
7,11:24
6,11:24
14,11:25
2,11:25
1,11:26
6,11:26
6,11:27
2,11:27
7,11:28
2,11:28
14,11:29
10,11:29
10,11:30
2,11:30
8,11:31
11,11:31
10,11:32
13,11:32
14,11:33
7,11:33
10,11:34
11,11:34
10,11:35
0,11:35
13,11:36
12,11:36
0,11:37
10,11:37
11,11:38
7,11:38
13,11:39
2,11:39
12,11:40
11,11:40
4,11:41
9,11:41
8,11:42
10,11:42
14,11:43
12,11:43
8,11:44
0,11:44
9,11:45
3,11:45
2,11:46
12,11:46
12,11:47
13,11:47
6,11:48
3,11:48
12,11:49
14,11:49
9,11:50
3,11:50
6,11:51
6,11:51
14,11:52
8,11:52
13,11:53
10,11:53
7,11:54
9,11:54
4,11:55
9,11:55
9,11:56
4,11:56
7,11:57
14,11:57
14,11:58
5,11:58
12,11:59
5,11:59
11,12:00
11,12:00
10,12:01
12,12:01
8,12:02
8,12:02
14,12:03
10,12:03
3,12:04
1,12:04
12,12:05
0,12:05
0,12:06
7,12:06
2,12:07
7,12:07
12,12:08
9,12:08
11,12:09
13,12:09
2,12:10
2,12:10
3,12:11
13,12:11
10,12:12
14,12:12
6,12:13
6,12:13
5,12:14
12,12:14
5,12:15
3,12:15
1,12:16
12,12:16
10,12:17
4,12:17
11,12:18
2,12:18
8,12:19
12,12:19
4,12:20
12,12:20
8,12:21
7,12:21
7,12:22
4,12:22
3,12:23
8,12:23
4,12:24
0,12:24
0,12:25
7,12:25
4,12:26
6,12:26
0,12:27
12,12:27
7,12:28
4,12:28
11,12:29
6,12:29
10,12:30
3,12:30
5,12:31
4,12:31
6,12:32
12,12:32
11,12:33
6,12:33
12,12:34
13,12:34
13,12:35
14,12:35
9,12:36
12,12:36
10,12:37
14,12:37
14,12:38
12,12:38
10,12:39
7,12:39
4,12:40
1,12:40
13,12:41
2,12:41
11,12:42
1,12:42
10,12:43
7,12:43
7,12:44
5,12:44
8,12:45
10,12:45
4,12:46
6,12:46
1,12:47
12,12:47
8,12:48
0,12:48
4,12:49
5,12:49
11,12:50
0,12:50
6,12:51
5,12:51
8,12:52
0,12:52
7,12:53
1,12:53
9,12:54
10,12:54
1,12:55
0,12:55
0,12:56
10,12:56
0,12:57
1,12:57
14,12:58
8,12:58
5,12:59
11,12:59
5,13:00
13,13:00
2,13:01
2,13:01
12,13:02
2,13:02
1,13:03
3,13:03
6,13:04
14,13:04
2,13:05
9,13:05
8,13:06
0,13:06
2,13:07
11,13:07
13,13:08
7,13:08
11,13:09
1,13:09
12,13:10
10,13:10
6,13:11
14,13:11
2,13:12
7,13:12
6,13:13
14,13:13
1,13:14
5,13:14
13,13:15
5,13:15
0,13:16
12,13:16
13,13:17
0,13:17
5,13:18
1,13:18
0,13:19
12,13:19
5,13:20
0,13:20
2,13:21
4,13:21
11,13:22
13,13:22
3,13:23
9,13:23
14,13:24
10,13:24
6,13:25
7,13:25
6,13:26
13,13:26
6,13:27
9,13:27
1,13:28
3,13:28
1,13:29
12,13:29
6,13:30
10,13:30
12,13:31
4,13:31
14,13:32
12,13:32
11,13:33
0,13:33
12,13:34
0,13:34
6,13:35
13,13:35
13,13:36
3,13:36
6,13:37
12,13:37
12,13:38
13,13:38
11,13:39
2,13:39
12,13:40
2,13:40
7,13:41
9,13:41
11,13:42
4,13:42
10,13:43
1,13:43
12,13:44
0,13:44
8,13:45
4,13:45
1,13:46
2,13:46
3,13:47
11,13:47
12,13:48
14,13:48
9,13:49
14,13:49
6,13:50
13,13:50
4,13:51
5,13:51
11,13:52
6,13:52
9,13:53
11,13:53
14,13:54
11,13:54
14,13:55
14,13:55
7,13:56
10,13:56
11,13:57
9,13:57
13,13:58
3,13:58
12,13:59
7,13:59
2,14:00
9,14:00
8,14:01
4,14:01
2,14:02
3,14:02
5,14:03
9,14:03
13,14:04
9,14:04
14,14:05
10,14:05
12,14:06
4,14:06
1,14:07
2,14:07
12,14:08
0,14:08
6,14:09
5,14:09
5,14:10
13,14:10
9,14:11
13,14:11
2,14:12
10,14:12
4,14:13
13,14:13
8,14:14
2,14:14
11,14:15
9,14:15
7,14:16
10,14:16
11,14:17
4,14:17
13,14:18
1,14:18
0,14:19
0,14:19
1,14:20
9,14:20
1,14:21
13,14:21
2,14:22
10,14:22
0,14:23
10,14:23
13,14:24
1,14:24
1,14:25
12,14:25
13,14:26
4,14:26
13,14:27
14,14:27
1,14:28
1,14:28
7,14:29
6,14:29
9,14:30
13,14:30
11,14:31
11,14:31
9,14:32
11,14:32
1,14:33
14,14:33
5,14:34
10,14:34
2,14:35
0,14:35
8,14:36
2,14:36
14,14:37
7,14:37
2,14:38
5,14:38
8,14:39
13,14:39
9,14:40
6,14:40
2,14:41
13,14:41
14,14:42
8,14:42
6,14:43
7,14:43
4,14:44
11,14:44
9,14:45
8,14:45
12,14:46
7,14:46
12,14:47
11,14:47
13,14:48
13,14:48
12,14:49
10,14:49
1,14:50
7,14:50
3,14:51
8,14:51
11,14:52
14,14:52
11,14:53
1,14:53
8,14:54
10,14:54
9,14:55
0,14:55
13,14:56
11,14:56
14,14:57
0,14:57
0,14:58
14,14:58
9,14:59
9,14:59
0,15:00
9,15:00
13,15:01
13,15:01
2,15:02
0,15:02
2,15:03
8,15:03
7,15:04
4,15:04
8,15:05
5,15:05
11,15:06
9,15:06
10,15:07
7,15:07
9,15:08
0,15:08
11,15:09
11,15:09
14,15:10
6,15:10
14,15:11
8,15:11
9,15:12
12,15:12
4,15:13
13,15:13
6,15:14
6,15:14
14,15:15
3,15:15
13,15:16
11,15:16
6,15:17
10,15:17
4,15:18
4,15:18
4,15:19
11,15:19
6,15:20
11,15:20
10,15:21
10,15:21
7,15:22
6,15:22
1,15:23
2,15:23
5,15:24
14,15:24
2,15:25
12,15:25
3,15:26
0,15:26
5,15:27
3,15:27
13,15:28
10,15:28
9,15:29
0,15:29
9,15:30
9,15:30
0,15:31
13,15:31
7,15:32
10,15:32
8,15:33
4,15:33
5,15:34
14,15:34
0,15:35
1,15:35
13,15:36
11,15:36
5,15:37
9,15:37
8,15:38
4,15:38
4,15:39
2,15:39
6,15:40
14,15:40
14,15:41
3,15:41
12,15:42
7,15:42
12,15:43
3,15:43
0,15:44
12,15:44
12,15:45
4,15:45
1,15:46
8,15:46
7,15:47
10,15:47
12,15:48
14,15:48
5,15:49
7,15:49
12,15:50
3,15:50
8,15:51
11,15:51
2,15:52
10,15:52
5,15:53
3,15:53
1,15:54
2,15:54
6,15:55
5,15:55
6,15:56
10,15:56
6,15:57
5,15:57
4,15:58
14,15:58
14,15:59
14,15:59
2,16:00
7,16:00
8,16:01
12,16:01
0,16:02
3,16:02
3,16:03
13,16:03
0,16:04
4,16:04
10,16:05
9,16:05
12,16:06
12,16:06
0,16:07
10,16:07
8,16:08
1,16:08
7,16:09
10,16:09
3,16:10
12,16:10
13,16:11
10,16:11
2,16:12
8,16:12
10,16:13
8,16:13
12,16:14
10,16:14
10,16:15
12,16:15
9,16:16
2,16:16
8,16:17
14,16:17
8,16:18
1,16:18
12,16:19
8,16:19
5,16:20
1,16:20
9,16:21
13,16:21
8,16:22
9,16:22
10,16:23
6,16:23
2,16:24
1,16:24
3,16:25
7,16:25
1,16:26
12,16:26
8,16:27
8,16:27
1,16:28
9,16:28
7,16:29
2,16:29
8,16:30
14,16:30
8,16:31
14,16:31
14,16:32
2,16:32
8,16:33
3,16:33
4,16:34
10,16:34
3,16:35
13,16:35
12,16:36
4,16:36
0,16:37
5,16:37
11,16:38
5,16:38
12,16:39
1,16:39
10,16:40
8,16:40
11,16:41
9,16:41
8,16:42
9,16:42
7,16:43
12,16:43
14,16:44
11,16:44
0,16:45
8,16:45
11,16:46
12,16:46
10,16:47
6,16:47
8,16:48
14,16:48
6,16:49
5,16:49
8,16:50
14,16:50
4,16:51
6,16:51
6,16:52
12,16:52
0,16:53
1,16:53
14,16:54
13,16:54
5,16:55
2,16:55
7,16:56
7,16:56
4,16:57
1,16:57
12,16:58
5,16:58
3,16:59
2,16:59
5,17:00
8,17:00
11,17:01
13,17:01
12,17:02
3,17:02
1,17:03
5,17:03
8,17:04
12,17:04
7,17:05
2,17:05
6,17:06
11,17:06
10,17:07
3,17:07
11,17:08
2,17:08
0,17:09
0,17:09
3,17:10
8,17:10
4,17:11
4,17:11
2,17:12
13,17:12
11,17:13
13,17:13
9,17:14
4,17:14
14,17:15
7,17:15
11,17:16
7,17:16
4,17:17
13,17:17
12,17:18
3,17:18
4,17:19
11,17:19
3,17:20
3,17:20
4,17:21
8,17:21
2,17:22
8,17:22
1,17:23
0,17:23
6,17:24
13,17:24
11,17:25
2,17:25
14,17:26
13,17:26
12,17:27
2,17:27
10,17:28
6,17:28
5,17:29
6,17:29
12,17:30
2,17:30
7,17:31
6,17:31
6,17:32
13,17:32
7,17:33
8,17:33
13,17:34
14,17:34
3,17:35
6,17:35
9,17:36
1,17:36
0,17:37
0,17:37
12,17:38
14,17:38
12,17:39
1,17:39
7,17:40
14,17:40
2,17:41
7,17:41
3,17:42
8,17:42
2,17:43
12,17:43
12,17:44
10,17:44
1,17:45
2,17:45
8,17:46
0,17:46
10,17:47
10,17:47
8,17:48
7,17:48
2,17:49
1,17:49
14,17:50
11,17:50
0,17:51
4,17:51
11,17:52
12,17:52
4,17:53
1,17:53
13,17:54
10,17:54
14,17:55
7,17:55
9,17:56
6,17:56
13,17:57
11,17:57
9,17:58
12,17:58
0,17:59
8,17:59
14,18:00
7,18:00
8,18:01
2,18:01
1,18:02
14,18:02
12,18:03
12,18:03
8,18:04
14,18:04
0,18:05
13,18:05
12,18:06
11,18:06
14,18:07
1,18:07
11,18:08
0,18:08
10,18:09
12,18:09
5,18:10
0,18:10
9,18:11
7,18:11
4,18:12
14,18:12
1,18:13
9,18:13
11,18:14
11,18:14
14,18:15
9,18:15
11,18:16
4,18:16
2,18:17
9,18:17
14,18:18
6,18:18
13,18:19
7,18:19
10,18:20
6,18:21
1,18:21
1,18:22
3,18:22
13,18:23
0,18:23
5,18:24
12,18:24
6,18:25
12,18:25
13,18:26
5,18:26
3,18:27
1,18:27
3,18:28
4,18:28
9,18:29
3,18:29
13,18:30
12,18:30
9,18:31
10,18:31
4,18:32
9,18:32
3,18:33
2,18:33
1,18:34
12,18:34
11,18:35
14,18:35
11,18:36
1,18:36
8,18:37
1,18:37
13,18:38
0,18:38
0,18:39
1,18:39
12,18:40
8,18:40
5,18:41
12,18:41
11,18:42
6,18:42
3,18:43
14,18:43
6,18:44
11,18:44
11,18:45
1,18:45
8,18:46
6,18:46
12,18:47
12,18:47
10,18:48
3,18:48
10,18:49
8,18:49
4,18:50
5,18:50
4,18:51
10,18:51
11,18:52
13,18:52
5,18:53
3,18:53
8,18:54
1,18:54
12,18:55
14,18:55
3,18:56
14,18:56
11,18:57
1,18:57
9,18:58
11,18:58
4,18:59
7,18:59
11,19:00
5,19:00
11,19:01
13,19:01
3,19:02
9,19:02
10,19:03
7,19:03
12,19:04
11,19:04
13,19:05
6,19:05
13,19:06
1,19:06
0,19:07
6,19:07
1,19:08
8,19:08
13,19:09
7,19:09
13,19:10
4,19:10
10,19:11
4,19:11
12,19:12
14,19:12
10,19:13
14,19:13
4,19:14
4,19:14
0,19:15
7,19:15
1,19:16
14,19:16
8,19:17
6,19:17
1,19:18
11,19:18
1,19:19
11,19:19
9,19:20
4,19:20
4,19:21
13,19:21
12,19:22
1,19:22
8,19:23
2,19:23
0,19:24
12,19:24
9,19:25
6,19:25
8,19:26
7,19:26
3,19:27
7,19:27
5,19:28
6,19:28
10,19:29
12,19:29
11,19:30
2,19:30
6,19:31
2,19:31
2,19:32
11,19:32
3,19:33
13,19:33
7,19:34
9,19:34
9,19:35
8,19:35
14,19:36
13,19:36
9,19:37
1,19:37
10,19:38
13,19:38
12,19:39
12,19:39
5,19:40
7,19:40
0,19:41
6,19:41
2,19:42
6,19:42
0,19:43
1,19:43
12,19:44
6,19:44
11,19:45
2,19:45
1,19:46
9,19:46
10,19:47
7,19:47
4,19:48
5,19:48
4,19:49
14,19:49
10,19:50
1,19:50
13,19:51
5,19:51
3,19:52
8,19:52
5,19:53
8,19:53
2,19:54
10,19:54
11,19:55
7,19:55
1,19:56
10,19:56
1,19:57
12,19:57
7,19:58
9,19:58
8,19:59
4,19:59
9,20:00
3,20:00
5,20:01
6,20:01
10,20:02
14,20:02
12,20:03
7,20:03
12,20:04
9,20:04
2,20:05
9,20:05
0,20:06
13,20:06
11,20:07
10,20:07
9,20:08
9,20:08
9,20:09
12,20:09
9,20:10
4,20:10
5,20:11
12,20:11
9,20:12
1,20:12
11,20:13
6,20:13
3,20:14
9,20:14
5,20:15
12,20:15
14,20:16
12,20:16
5,20:17
14,20:17
12,20:18
4,20:18
2,20:19
2,20:19
13,20:20
0,20:20
0,20:21
7,20:21
4,20:22
3,20:22
13,20:23
6,20:23
6,20:24
8,20:24
5,20:25
1,20:25
7,20:26
11,20:26
0,20:27
7,20:27
9,20:28
2,20:28
9,20:29
8,20:29
14,20:30
7,20:30
10,20:31
10,20:31
11,20:32
0,20:32
8,20:33
1,20:33
13,20:34
10,20:34
1,20:35
1,20:35
0,20:36
2,20:36
0,20:37
11,20:37
5,20:38
3,20:38
5,20:39
11,20:39
11,20:40
10,20:40
1,20:41
6,20:41
3,20:42
13,20:42
1,20:43
3,20:43
9,20:44
2,20:44
11,20:45
10,20:45
7,20:46
1,20:46
2,20:47
14,20:47
13,20:48
7,20:48
0,20:49
8,20:49
9,20:50
6,20:50
14,20:51
2,20:51
0,20:52
10,20:52
11,20:53
13,20:53
2,20:54
14,20:54
13,20:55
2,20:55
0,20:56
9,20:56
7,20:57
14,20:57
11,20:58
7,20:58
6,20:59
3,20:59
0,21:00
3,21:00
12,21:01
6,21:01
14,21:02
8,21:02
8,21:03
2,21:03
1,21:04
12,21:04
14,21:05
3,21:05
12,21:06
4,21:06
12,21:07
8,21:07
7,21:08
14,21:08
1,21:09
14,21:09
8,21:10
11,21:10
14,21:11
10,21:11
2,21:12
9,21:12
11,21:13
12,21:13
13,21:14
12,21:14
11,21:15
13,21:15
2,21:16
13,21:16
3,21:17
13,21:17
10,21:18
7,21:18
6,21:19
9,21:19
7,21:20
13,21:20
0,21:21
7,21:21
2,21:22
2,21:22
8,21:23
2,21:23
6,21:24
5,21:24
12,21:25
11,21:25
0,21:26
5,21:26
4,21:27
13,21:27
1,21:28
4,21:28
5,21:29
6,21:29
10,21:30
2,21:30
9,21:31
9,21:31
2,21:32
12,21:32
10,21:33
2,21:33
13,21:34
14,21:34
8,21:35
13,21:35
0,21:36
5,21:36
1,21:37
11,21:37
2,21:38
5,21:38
12,21:39
1,21:39
1,21:40
0,21:40
8,21:41
10,21:41
1,21:42
13,21:42
0,21:43
2,21:43
13,21:44
0,21:44
3,21:45
11,21:45
3,21:46
3,21:46
11,21:47
14,21:47
9,21:48
7,21:48
4,21:49
11,21:49
12,21:50
3,21:50
0,21:51
4,21:51
12,21:52
1,21:52
6,21:53
0,21:53
9,21:54
13,21:54
14,21:55
2,21:55
13,21:56
1,21:56
9,21:57
10,21:57
6,21:58
10,21:58
13,21:59
9,21:59
8,22:00
2,22:00
2,22:01
8,22:01
8,22:02
4,22:02
10,22:03
8,22:03
10,22:04
13,22:04
9,22:05
10,22:05
10,22:06
2,22:06
6,22:07
11,22:07
0,22:08
2,22:08
14,22:09
9,22:09
5,22:10
5,22:10
11,22:11
10,22:11
0,22:12
11,22:12
6,22:13
9,22:13
12,22:14
12,22:14
6,22:15
10,22:15
0,22:16
4,22:16
1,22:17
14,22:17
5,22:18
8,22:18
9,22:19
4,22:19
1,22:20
8,22:20
6,22:21
7,22:21
9,22:22
2,22:22
6,22:23
7,22:23
11,22:24
8,22:24
2,22:25
5,22:25
6,22:26
6,22:26
5,22:27
2,22:27
11,22:28
1,22:28
12,22:29
5,22:29
13,22:30
10,22:30
13,22:31
5,22:31
2,22:32
6,22:32
6,22:33
10,22:33
3,22:34
6,22:34
4,22:35
9,22:35
0,22:36
10,22:36
10,22:37
14,22:37
5,22:38
1,22:38
13,22:39
6,22:39
1,22:40
4,22:40
5,22:41
0,22:41
0,22:42
7,22:42
8,22:43
0,22:43
8,22:44
1,22:44
13,22:45
13,22:45
5,22:46
2,22:46
8,22:47
5,22:47
14,22:48
7,22:48
13,22:49
1,22:49
5,22:50
0,22:50
1,22:51
8,22:51
13,22:52
0,22:52
14,22:53
10,22:53
4,22:54
13,22:54
0,22:55
4,22:55
11,22:56
4,22:56
8,22:57
6,22:57
3,22:58
7,22:58
12,22:59
13,22:59
14,23:00
12,23:00
12,23:01
13,23:01
3,23:02
7,23:02
13,23:03
13,23:03
8,23:04
2,23:04
7,23:05
8,23:05
12,23:06
2,23:06
4,23:07
3,23:07
13,23:08
3,23:08
11,23:09
10,23:09
8,23:10
9,23:10
7,23:11
7,23:11
7,23:12
9,23:12
4,23:13
6,23:13
3,23:14
3,23:14
4,23:15
14,23:15
10,23:16
1,23:16
9,23:17
3,23:17
12,23:18
7,23:18
5,23:19
6,23:19
2,23:20
5,23:20
9,23:21
7,23:21
8,23:22
9,23:22
9,23:23
10,23:23
3,23:24
9,23:24
14,23:25
12,23:25
1,23:26
7,23:26
2,23:27
7,23:27
12,23:28
8,23:28
11,23:29
0,23:29
3,23:30
1,23:30
14,23:31
10,23:31
5,23:32
6,23:32
4,23:33
13,23:33
7,23:34
9,23:34
3,23:35
0,23:35
6,23:36
1,23:36
2,23:37
9,23:37
9,23:38
14,23:38
11,23:39
3,23:39
12,23:40
3,23:40
3,23:41
1,23:41
4,23:42
6,23:42
12,23:43
11,23:43
11,23:44
2,23:44
4,23:45
11,23:45
8,23:46
11,23:46
5,23:47
5,23:47
8,23:48
5,23:48
13,23:49
4,23:49
6,23:50
8,23:50
8,23:51
3,23:51
9,23:52
7,23:52
12,23:53
14,23:53
3,23:54
11,23:54
0,23:55
1,23:55
14,23:56
8,23:56
12,23:57
11,23:57
11,23:58
2,23:58
5,23:59
3,23:59
12,00:00
8,00:00
0,00:01
8,00:01
4,00:02
2,00:02
9,00:03
14,00:03
14,00:04
9,00:04
5,00:05
6,00:05
1,00:06
11,00:06
5,00:07
9,00:07
9,00:08
10,00:08
14,00:09
10,00:09
14,00:10
10,00:10
5,00:11
1,00:11
14,00:12
12,00:12
14,00:13
1,00:13
10,00:14
1,00:14
9,00:15
4,00:15
3,00:16
5,00:16
7,00:17
4,00:17
0,00:18
12,00:18
7,00:19
11,00:19
2,00:20
5,00:20
12,00:21
9,00:21
3,00:22
14,00:22
11,00:23
0,00:23
1,00:24
12,00:24
1,00:25
3,00:25
3,00:26
13,00:26
7,00:27
0,00:27
5,00:28
9,00:28
13,00:29
0,00:29
5,00:30
7,00:30
1,00:31
11,00:31
7,00:32
8,00:32
9,00:33
4,00:33
5,00:34
3,00:34
1,00:35
3,00:35
4,00:36
10,00:36
13,00:37
1,00:37
14,00:38
6,00:38
5,00:39
11,00:39
7,00:40
0,00:40
5,00:41
3,00:41
4,00:42
9,00:42
7,00:43
10,00:43
6,00:44
11,00:44
7,00:45
1,00:45
2,00:46
6,00:46
5,00:47
0,00:47
0,00:48
9,00:48
0,00:49
8,00:49
4,00:50
3,00:50
7,00:51
0,00:51
14,00:52
3,00:52
1,00:53
4,00:53
0,00:54
13,00:54
13,00:55
6,00:55
9,00:56
12,00:56
13,00:57
7,00:57
5,00:58
6,00:58
4,00:59
14,00:59
2,01:00
13,01:00
4,01:01
10,01:01
2,01:02
1,01:02
8,01:03
11,01:03
7,01:04
10,01:04
5,01:05
10,01:05
13,01:06
11,01:06
0,01:07
11,01:07
14,01:08
9,01:08
3,01:09
0,01:09
6,01:10
8,01:10
1,01:11
11,01:11
2,01:12
8,01:12
0,01:13
1,01:13
3,01:14
0,01:14
14,01:15
9,01:15
14,01:16
14,01:16
6,01:17
2,01:17
6,01:18
3,01:18
0,01:19
9,01:19
8,01:20
3,01:20
11,01:21
5,01:21
2,01:22
4,01:22
14,01:23
8,01:23
11,01:24
10,01:24
1,01:25
0,01:25
2,01:26
4,01:26
0,01:27
3,01:27
9,01:28
14,01:28
14,01:29
7,01:29
7,01:30
7,01:30
12,01:31
6,01:31
12,01:32
9,01:32
9,01:33
0,01:33
6,01:34
14,01:34
7,01:35
2,01:35
3,01:36
10,01:36
2,01:37
13,01:37
11,01:38
11,01:38
6,01:39
9,01:39
2,01:40
1,01:40
7,01:41
9,01:41
9,01:42
11,01:42
5,01:43
10,01:43
8,01:44
8,01:44
1,01:45
13,01:45
7,01:46
3,01:46
0,01:47
13,01:47
12,01:48
3,01:48
10,01:49
6,01:49
0,01:50
11,01:50
0,01:51
7,01:51
4,01:52
3,01:52
5,01:53
14,01:53
2,01:54
12,01:54
14,01:55
14,01:55
10,01:56
5,01:56
7,01:57
13,01:57
13,01:58
9,01:58
2,01:59
13,01:59
10,02:00
11,02:00
3,02:01
9,02:01
11,02:02
5,02:02
1,02:03
6,02:03
8,02:04
7,02:04
13,02:05
11,02:06
2,02:06
6,02:07
4,02:07
3,02:08
13,02:08
5,02:09
4,02:09
11,02:10
0,02:10
0,02:11
0,02:11
10,02:12
9,02:12
2,02:13
2,02:13
2,02:14
11,02:14
10,02:15
1,02:15
1,02:16
4,02:16
8,02:17
14,02:17
7,02:18
6,02:18
3,02:19
14,02:19
13,02:20
10,02:20
0,02:21
10,02:21
14,02:22
6,02:22
0,02:23
0,02:23
6,02:24
6,02:24
5,02:25
3,02:25
8,02:26
14,02:26
0,02:27
12,02:27
14,02:28
11,02:28
13,02:29
7,02:29
5,02:30
9,02:30
7,02:31
6,02:31
6,02:32
1,02:32
9,02:33
14,02:33
1,02:34
12,02:34
4,02:35
5,02:35
12,02:36
3,02:36
1,02:37
14,02:37
8,02:38
3,02:38
7,02:39
7,02:39
4,02:40
14,02:40
8,02:41
9,02:41
6,02:42
8,02:42
2,02:43
8,02:43
6,02:44
12,02:44
6,02:45
0,02:45
9,02:46
5,02:46
0,02:47
9,02:47
1,02:48
7,02:48
1,02:49
5,02:49
6,02:50
9,02:50
0,02:51
0,02:51
5,02:52
5,02:52
10,02:53
13,02:53
9,02:54
5,02:54
6,02:55
4,02:55
4,02:56
5,02:56
8,02:57
14,02:57
1,02:58
7,02:58
6,02:59
12,02:59
4,03:00
5,03:00
9,03:01
7,03:01
3,03:02
8,03:02
7,03:03
2,03:03
1,03:04
7,03:04
11,03:05
10,03:05
4,03:06
11,03:06
8,03:07
6,03:07
6,03:08
3,03:08
11,03:09
13,03:09
6,03:10
10,03:10
7,03:11
14,03:11
3,03:12
13,03:12
13,03:13
10,03:13
14,03:14
0,03:14
14,03:15
11,03:15
2,03:16
1,03:16
4,03:17
5,03:17
8,03:18
5,03:18
3,03:19
0,03:19
6,03:20
6,03:20
2,03:21
4,03:21
13,03:22
13,03:22
1,03:23
4,03:23
14,03:24
2,03:24
1,03:25
12,03:25
6,03:26
7,03:26
6,03:27
9,03:27
14,03:28
2,03:28
11,03:29
11,03:29
12,03:30
1,03:30
12,03:31
14,03:31
10,03:32
3,03:32
12,03:33
10,03:33
8,03:34
1,03:34
3,03:35
1,03:35
5,03:36
10,03:36
7,03:37
4,03:37
8,03:38
4,03:38
11,03:39
5,03:39
11,03:40
5,03:40
9,03:41
7,03:41
1,03:42
8,03:42
9,03:43
1,03:43
5,03:44
1,03:44
10,03:45
1,03:45
12,03:46
14,03:46
6,03:47
13,03:47
12,03:48
4,03:48
2,03:49
14,03:49
0,03:50
0,03:50
1,03:51
3,03:51
14,03:52
13,03:52
0,03:53
8,03:53
0,03:54
0,03:54
12,03:55
10,03:55
12,03:56
11,03:56
13,03:57
5,03:57
5,03:58
0,03:58
11,03:59
3,03:59
2,04:00
1,04:00
1,04:01
10,04:01
2,04:02
2,04:02
3,04:03
9,04:03
6,04:04
7,04:04
9,04:05
9,04:05
11,04:06
3,04:06
5,04:07
0,04:07
2,04:08
2,04:08
12,04:09
8,04:09
14,04:10
6,04:10
11,04:11
1,04:11
12,04:12
9,04:12
9,04:13
14,04:13
12,04:14
1,04:14
7,04:15
7,04:15
14,04:16
3,04:16
14,04:17
7,04:17
8,04:18
2,04:18
13,04:19
7,04:19
8,04:20
8,04:20
9,04:21
14,04:21
3,04:22
2,04:22
0,04:23
14,04:23
6,04:24
1,04:24
12,04:25
9,04:25
5,04:26
9,04:26
2,04:27
3,04:27
7,04:28
13,04:28
12,04:29
10,04:29
1,04:30
1,04:30
5,04:31
12,04:31
8,04:32
1,04:32
10,04:33
0,04:33
8,04:34
9,04:34
13,04:35
14,04:35
2,04:36
13,04:36
9,04:37
10,04:37
1,04:38
6,04:38
11,04:39
13,04:39
4,04:40
6,04:40
10,04:41
2,04:41
6,04:42
12,04:42
9,04:43
13,04:43
12,04:44
11,04:44
2,04:45
6,04:45
13,04:46
10,04:46
4,04:47
14,04:47
5,04:48
10,04:48
7,04:49
10,04:49
5,04:50
10,04:50
0,04:51
10,04:51
11,04:52
8,04:52
11,04:53
2,04:53
8,04:54
2,04:54
2,04:55
2,04:55
6,04:56
10,04:56
1,04:57
1,04:57
7,04:58
11,04:58
9,04:59
9,04:59
9,05:00
2,05:00
10,05:01
1,05:01
10,05:02
9,05:02
3,05:03
13,05:03
10,05:04
3,05:04
1,05:05
12,05:05
12,05:06
9,05:06
8,05:07
12,05:07
13,05:08
7,05:08
10,05:09
13,05:09
1,05:10
9,05:10
3,05:11
6,05:11
6,05:12
1,05:12
3,05:13
10,05:13
9,05:14
5,05:14
14,05:15
11,05:15
2,05:16
4,05:16
5,05:17
14,05:17
14,05:18
1,05:18
11,05:19
4,05:19
11,05:20
11,05:20
1,05:21
6,05:21
11,05:22
13,05:22
1,05:23
6,05:23
1,05:24
6,05:24
10,05:25
3,05:25
3,05:26
0,05:26
14,05:27
12,05:27
3,05:28
6,05:28
7,05:29
2,05:29
8,05:30
11,05:30
1,05:31
1,05:31
0,05:32
13,05:32
11,05:33
8,05:33
0,05:34
0,05:34
0,05:35
9,05:35
14,05:36
4,05:36
3,05:37
2,05:37
11,05:38
12,05:38
5,05:39
0,05:39
10,05:40
0,05:40
6,05:41
14,05:41
14,05:42
1,05:42
0,05:43
14,05:43
9,05:44
13,05:44
2,05:45
7,05:45
11,05:46
10,05:46
10,05:47
5,05:47
13,05:48
3,05:48
4,05:49
10,05:49
1,05:50
3,05:50
0,05:51
0,05:51
7,05:52
8,05:52
14,05:53
0,05:53
6,05:54
2,05:54
14,05:55
12,05:55
14,05:56
13,05:56
14,05:57
7,05:57
13,05:58
1,05:58
14,05:59
2,05:59
14,06:00
9,06:00
2,06:01
2,06:01
11,06:02
11,06:02
9,06:03
5,06:03
11,06:04
11,06:04
12,06:05
4,06:05
5,06:06
11,06:06
12,06:07
13,06:07
7,06:08
7,06:08
5,06:09
2,06:09
5,06:10
4,06:10
12,06:11
7,06:11
0,06:12
12,06:12
12,06:13
1,06:13
13,06:14
2,06:14
6,06:15
7,06:15
2,06:16
12,06:16
8,06:17
14,06:17
11,06:18
14,06:18
9,06:19
11,06:19
5,06:20
9,06:20
10,06:21
7,06:21
5,06:22
14,06:22
5,06:23
14,06:23
7,06:24
7,06:24
7,06:25
0,06:25
6,06:26
1,06:26
11,06:27
6,06:27
11,06:28
14,06:28
8,06:29
14,06:29
3,06:30
14,06:30
4,06:31
11,06:31
7,06:32
6,06:32
10,06:33
0,06:33
13,06:34
1,06:34
4,06:35
1,06:35
14,06:36
10,06:36
11,06:37
6,06:37
1,06:38
7,06:38
10,06:39
8,06:39
4,06:40
4,06:40
7,06:41
12,06:41
8,06:42
3,06:42
6,06:43
7,06:43
11,06:44
3,06:44
12,06:45
14,06:45
2,06:46
9,06:46
3,06:47
14,06:47
12,06:48
9,06:48
1,06:49
8,06:49
13,06:50
11,06:50
11,06:51
12,06:51
8,06:52
3,06:52
7,06:53
13,06:53
11,06:54
5,06:54
5,06:55
7,06:55
11,06:56
4,06:56
6,06:57
3,06:57
1,06:58
11,06:58
1,06:59
8,06:59
1,07:00
8,07:00
6,07:01
3,07:01
1,07:02
10,07:02
3,07:03
7,07:03
5,07:04
7,07:04
6,07:05
12,07:05
0,07:06
6,07:06
9,07:07
9,07:07
0,07:08
4,07:08
8,07:09
11,07:09
5,07:10
8,07:10
8,07:11
0,07:11
13,07:12
10,07:12
6,07:13
5,07:13
4,07:14
2,07:14
1,07:15
5,07:15
9,07:16
10,07:16
3,07:17
13,07:17
6,07:18
6,07:18
6,07:19
8,07:19
4,07:20
9,07:20
14,07:21
11,07:21
10,07:22
11,07:22
13,07:23
4,07:23
9,07:24
12,07:24
8,07:25
13,07:25
2,07:26
0,07:26
10,07:27
6,07:27
14,07:28
0,07:28
2,07:29
4,07:29
8,07:30
6,07:30
4,07:31
0,07:31
13,07:32
3,07:32
5,07:33
14,07:33
0,07:34
11,07:34
7,07:35
5,07:35
13,07:36
0,07:36
4,07:37
9,07:37
3,07:38
0,07:38
12,07:39
3,07:39
10,07:40
4,07:40
2,07:41
0,07:41
3,07:42
4,07:42
7,07:43
12,07:43
5,07:44
2,07:44
3,07:45
6,07:45
12,07:46
3,07:46
1,07:47
10,07:47
9,07:48
14,07:48
0,07:49
9,07:49
4,07:50
7,07:50
1,07:51
13,07:51
4,07:52
1,07:52
8,07:53
8,07:53
7,07:54
3,07:54
9,07:55
0,07:55
5,07:56
9,07:56
4,07:57
13,07:57
1,07:58
7,07:58
8,07:59
0,07:59
11,08:00
5,08:00
8,08:01
11,08:01
0,08:02
7,08:02
1,08:03
1,08:03
3,08:04
11,08:04
1,08:05
6,08:05
14,08:06
5,08:06
6,08:07
13,08:07
6,08:08
4,08:08
1,08:09
6,08:09
10,08:10
12,08:10
13,08:11
11,08:11
7,08:12
7,08:12
7,08:13
7,08:13
10,08:14
10,08:14
3,08:15
5,08:15
14,08:16
13,08:16
5,08:17
1,08:17
5,08:18
14,08:18
7,08:19
7,08:19
0,08:20
8,08:20
13,08:21
1,08:21
12,08:22
12,08:22
9,08:23
0,08:23
7,08:24
7,08:24
8,08:25
3,08:25
12,08:26
1,08:26
12,08:27
12,08:27
6,08:28
7,08:28
12,08:29
1,08:29
8,08:30
10,08:30
6,08:31
1,08:31
7,08:32
3,08:32
1,08:33
14,08:33
2,08:34
6,08:34
3,08:35
6,08:35
3,08:36
5,08:36
11,08:37
3,08:37
1,08:38
2,08:38
13,08:39
10,08:39
0,08:40
13,08:40
9,08:41
7,08:41
3,08:42
9,08:42
4,08:43
5,08:43
10,08:44
3,08:44
0,08:45
14,08:45
13,08:46
1,08:46
2,08:47
0,08:47
5,08:48
1,08:48
6,08:49
14,08:49
14,08:50
6,08:50
13,08:51
2,08:51
7,08:52
6,08:52
7,08:53
5,08:53
14,08:54
9,08:54
0,08:55
13,08:55
2,08:56
13,08:56
2,08:57
3,08:57
10,08:58
10,08:58
6,08:59
8,08:59
14,09:00
0,09:00
13,09:01
9,09:01
8,09:02
1,09:02
8,09:03
0,09:03
0,09:04
3,09:04
14,09:05
0,09:05
5,09:06
5,09:06
4,09:07
8,09:07
10,09:08
3,09:08
14,09:09
4,09:09
14,09:10
13,09:10
9,09:11
10,09:11
1,09:12
4,09:12
8,09:13
4,09:13
12,09:14
10,09:14
6,09:15
7,09:15
6,09:16
12,09:16
8,09:17
4,09:17
13,09:18
6,09:18
12,09:19
7,09:19
14,09:20
3,09:20
10,09:21
13,09:21
12,09:22
0,09:22
2,09:23
9,09:23
6,09:24
8,09:24
12,09:25
14,09:25
7,09:26
10,09:26
12,09:27
1,09:27
1,09:28
13,09:28
9,09:29
6,09:29
7,09:30
14,09:30
11,09:31
12,09:31
14,09:32
8,09:32
0,09:33
12,09:33
14,09:34
11,09:34
4,09:35
4,09:35
6,09:36
7,09:36
2,09:37
7,09:37
1,09:38
7,09:38
8,09:39
7,09:39
1,09:40
7,09:40
0,09:41
12,09:41
1,09:42
4,09:42
9,09:43
3,09:43
8,09:44
14,09:44
13,09:45
0,09:45
11,09:46
8,09:46
7,09:47
7,09:47
10,09:48
12,09:48
12,09:49
4,09:49
5,09:50
11,09:50
12,09:51
8,09:51
14,09:52
11,09:52
11,09:53
2,09:53
0,09:54
4,09:54
14,09:55
3,09:55
9,09:56
12,09:56
5,09:57
1,09:57
9,09:58
10,09:58
1,09:59
6,09:59
4,10:00
1,10:00
0,10:01
8,10:01
13,10:02
4,10:02
0,10:03
6,10:03
12,10:04
4,10:04
9,10:05
0,10:05
7,10:06
0,10:06
1,10:07
1,10:07
13,10:08
5,10:08
14,10:09
2,10:09
0,10:10
1,10:10
5,10:11
6,10:11
2,10:12
8,10:12
1,10:13
7,10:13
6,10:14
1,10:14
1,10:15
13,10:15
8,10:16
14,10:16
14,10:17
4,10:17
7,10:18
13,10:18
2,10:19
2,10:19
1,10:20
5,10:20
0,10:21
7,10:21
3,10:22
13,10:22
7,10:23
6,10:23
3,10:24
12,10:24
3,10:25
10,10:25
0,10:26
2,10:26
2,10:27
10,10:27
9,10:28
13,10:28
8,10:29
13,10:29
0,10:30
7,10:30
11,10:31
6,10:31
11,10:32
11,10:32
10,10:33
10,10:33
2,10:34
5,10:34
12,10:35
9,10:35
4,10:36
12,10:36
12,10:37
14,10:37
5,10:38
5,10:38
6,10:39
2,10:39
4,10:40
5,10:40
9,10:41
10,10:41
3,10:42
14,10:42
3,10:43
2,10:43
9,10:44
11,10:44
0,10:45
13,10:45
9,10:46
13,10:46
5,10:47
8,10:47
10,10:48
8,10:48
12,10:49
3,10:49
13,10:50
7,10:50
6,10:51
9,10:51
3,10:52
4,10:52
3,10:53
6,10:53
5,10:54
13,10:54
7,10:55
2,10:55
7,10:56
0,10:56
5,10:57
0,10:57
13,10:58
3,10:58
4,10:59
14,10:59
10,11:00
2,11:00
1,11:01
2,11:01
13,11:02
12,11:02
4,11:03
8,11:03
5,11:04
5,11:04
9,11:05
9,11:05
14,11:06
2,11:06
7,11:07
12,11:07
8,11:08
5,11:08
3,11:09
1,11:09
2,11:10
0,11:10
7,11:11
12,11:11
10,11:12
4,11:12
10,11:13
5,11:13
14,11:14
0,11:14
1,11:15
11,11:15
9,11:16
8,11:16
12,11:17
3,11:17
13,11:18
4,11:18
5,11:19
11,11:19
10,11:20
14,11:20
5,11:21
10,11:21
0,11:22
3,11:22
3,11:23
13,11:23
6,11:24
9,11:24
0,11:25
11,11:25
14,11:26
8,11:26
8,11:27
11,11:27
13,11:28
12,11:28
5,11:29
13,11:29
5,11:30
5,11:30
11,11:31
2,11:31
10,11:32
11,11:32
6,11:33
1,11:33
13,11:34
2,11:34
13,11:35
12,11:35
12,11:36
1,11:36
1,11:37
13,11:37
1,11:38
2,11:38
5,11:39
12,11:39
1,11:40
2,11:40
9,11:41
5,11:41
6,11:42
10,11:42
10,11:43
8,11:43
11,11:44
3,11:44
9,11:45
10,11:45
13,11:46
3,11:46
9,11:47
0,11:47
2,11:48
13,11:48
4,11:49
10,11:49
14,11:50
5,11:50
1,11:51
11,11:51
0,11:52
10,11:52
5,11:53
14,11:53
2,11:54
10,11:54
9,11:55
5,11:55
13,11:56
0,11:56
8,11:57
8,11:57
7,11:58
5,11:58
10,11:59
8,11:59
0,12:00
2,12:00
7,12:01
9,12:01
8,12:02
10,12:02
3,12:03
4,12:03
5,12:04
4,12:04
11,12:05
3,12:05
9,12:06
8,12:06
11,12:07
7,12:07
14,12:08
6,12:08
14,12:09
0,12:09
3,12:10
8,12:10
12,12:11
9,12:11
7,12:12
7,12:12
13,12:13
0,12:13
14,12:14
2,12:14
0,12:15
5,12:15
8,12:16
9,12:16
10,12:17
8,12:17
3,12:18
2,12:18
8,12:19
4,12:19
2,12:20
9,12:20
2,12:21
3,12:21
6,12:22
1,12:22
13,12:23
8,12:23
5,12:24
13,12:24
1,12:25
6,12:25
4,12:26
8,12:26
3,12:27
9,12:27
3,12:28
4,12:28
13,12:29
11,12:29
2,12:30
13,12:30
2,12:31
4,12:31
7,12:32
9,12:32
11,12:33
12,12:33
7,12:34
10,12:34
2,12:35
2,12:35
2,12:36
2,12:36
2,12:37
14,12:37
0,12:38
9,12:38
11,12:39
5,12:39
12,12:40
2,12:40
8,12:41
13,12:41
12,12:42
4,12:42
1,12:43
5,12:43
12,12:44
10,12:44
5,12:45
10,12:45
1,12:46
10,12:46
4,12:47
10,12:47
11,12:48
2,12:48
2,12:49
9,12:49
8,12:50
13,12:50
6,12:51
5,12:51
12,12:52
3,12:52
2,12:53
0,12:53
4,12:54
14,12:54
11,12:55
1,12:55
13,12:56
6,12:56
4,12:57
13,12:57
12,12:58
0,12:58
6,12:59
12,12:59
8,13:00
1,13:00
1,13:01
1,13:01
6,13:02
10,13:02
12,13:03
10,13:03
1,13:04
9,13:04
9,13:05
14,13:05
1,13:06
7,13:06
8,13:07
9,13:07
7,13:08
4,13:08
14,13:09
5,13:09
12,13:10
6,13:10
8,13:11
11,13:11
2,13:12
6,13:12
5,13:13
13,13:13
10,13:14
4,13:14
1,13:15
5,13:15
14,13:16
10,13:16
8,13:17
4,13:17
11,13:18
8,13:18
0,13:19
1,13:19
9,13:20
6,13:20
10,13:21
11,13:21
0,13:22
13,13:22
3,13:23
0,13:23
12,13:24
1,13:24
11,13:25
10,13:25
11,13:26
2,13:26
2,13:27
8,13:27
8,13:28
7,13:28
0,13:29
0,13:29
6,13:30
10,13:30
14,13:31
3,13:31
10,13:32
10,13:32
2,13:33
11,13:33
10,13:34
1,13:34
1,13:35
1,13:35
7,13:36
11,13:36
14,13:37
14,13:37
2,13:38
3,13:38
6,13:39
9,13:40
2,13:40
14,13:41
7,13:41
1,13:42
13,13:42
1,13:43
9,13:43
12,13:44
5,13:44
14,13:45
6,13:45
7,13:46
1,13:46
3,13:47
0,13:47
10,13:48
7,13:48
1,13:49
10,13:49
9,13:50
11,13:50
13,13:51
1,13:51
10,13:52
14,13:52
1,13:53
12,13:53
7,13:54
6,13:54
14,13:55
3,13:55
0,13:56
7,13:56
7,13:57
7,13:57
14,13:58
4,13:58
6,13:59
14,13:59
6,14:00
1,14:00
6,14:01
4,14:01
7,14:02
11,14:02
0,14:03
6,14:03
10,14:04
14,14:04
4,14:05
3,14:05
3,14:06
0,14:06
7,14:07
14,14:07
11,14:08
5,14:08
1,14:09
1,14:09
5,14:10
0,14:10
5,14:11
1,14:11
12,14:12
2,14:12
6,14:13
6,14:13
4,14:14
14,14:14
0,14:15
4,14:15
9,14:16
12,14:16
11,14:17
6,14:17
3,14:18
11,14:18
3,14:19
7,14:19
1,14:20
12,14:20
5,14:21
7,14:21
8,14:22
2,14:22
5,14:23
3,14:23
5,14:24
10,14:24
0,14:25
8,14:25
14,14:26
7,14:26
7,14:27
11,14:27
10,14:28
14,14:28
12,14:29
5,14:29
3,14:30
11,14:30
3,14:31
13,14:31
2,14:32
7,14:32
14,14:33
7,14:33
13,14:34
0,14:34
0,14:35
8,14:35
8,14:36
11,14:36
1,14:37
12,14:37
2,14:38
6,14:38
9,14:39
13,14:39
10,14:40
4,14:40
12,14:41
11,14:41
0,14:42
3,14:42
3,14:43
8,14:43
13,14:44
14,14:44
14,14:45
12,14:45
0,14:46
12,14:46
10,14:47
7,14:47
10,14:48
14,14:48
5,14:49
3,14:49
0,14:50
0,14:50
1,14:51
9,14:51
3,14:52
6,14:52
6,14:53
6,14:53
9,14:54
13,14:54
14,14:55
3,14:55
12,14:56
12,14:56
6,14:57
0,14:57
9,14:58
13,14:58
9,14:59
3,14:59
3,15:00
12,15:00
5,15:01
5,15:01
5,15:02
7,15:02
11,15:03
8,15:03
4,15:04
10,15:04
7,15:05
11,15:05
2,15:06
6,15:06
0,15:07
5,15:07
6,15:08
10,15:08
9,15:09
7,15:09
1,15:10
2,15:10
10,15:11
11,15:11
9,15:12
4,15:12
14,15:13
6,15:13
14,15:14
14,15:14
2,15:15
9,15:15
0,15:16
9,15:16
10,15:17
10,15:17
13,15:18
4,15:18
3,15:19
10,15:19
12,15:20
5,15:20
0,15:21
12,15:21
14,15:22
14,15:22
7,15:23
4,15:23
12,15:24
1,15:24
9,15:25
6,15:25
2,15:26
4,15:26
6,15:27
6,15:27
4,15:28
12,15:28
13,15:29
5,15:29
0,15:30
13,15:30
10,15:31
12,15:31
1,15:32
7,15:32
6,15:33
0,15:33
9,15:34
4,15:34
7,15:35
13,15:35
10,15:36
0,15:36
8,15:37
9,15:37
3,15:38
0,15:38
5,15:39
9,15:39
0,15:40
6,15:40
10,15:41
0,15:41
12,15:42
9,15:42
4,15:43
8,15:43
7,15:44
2,15:44
12,15:45
7,15:45
2,15:46
0,15:46
11,15:47
0,15:47
1,15:48
0,15:48
10,15:49
5,15:49
2,15:50
8,15:50
11,15:51
3,15:51
12,15:52
5,15:52
3,15:53
8,15:53
13,15:54
7,15:54
0,15:55
5,15:55
14,15:56
7,15:56
0,15:57
13,15:57
6,15:58
6,15:58
4,15:59
1,15:59
10,16:00
9,16:00
7,16:01
5,16:01
3,16:02
12,16:02
9,16:03
13,16:03
8,16:04
13,16:04
12,16:05
4,16:05
5,16:06
8,16:06
13,16:07
14,16:07
1,16:08
6,16:08
2,16:09
3,16:09
0,16:10
14,16:10
5,16:11
3,16:11
8,16:12
7,16:12
3,16:13
0,16:13
9,16:14
8,16:14
8,16:15
14,16:15
8,16:16
14,16:16
0,16:17
14,16:17
4,16:18
9,16:18
12,16:19
14,16:19
13,16:20
5,16:20
0,16:21
7,16:21
11,16:22
5,16:22
1,16:23
11,16:23
11,16:24
12,16:24
1,16:25
6,16:25
12,16:26
6,16:26
3,16:27
9,16:27
14,16:28
1,16:28
10,16:29
13,16:29
7,16:30
5,16:30
5,16:31
5,16:31
12,16:32
8,16:32
2,16:33
10,16:33
6,16:34
1,16:34
9,16:35
0,16:35
12,16:36
6,16:36
12,16:37
13,16:37
13,16:38
3,16:38
11,16:39
1,16:39
4,16:40
11,16:40
7,16:41
10,16:41
11,16:42
9,16:42
0,16:43
0,16:43
11,16:44
10,16:44
12,16:45
1,16:45
5,16:46
11,16:46
2,16:47
13,16:47
11,16:48
4,16:48
8,16:49
6,16:49
0,16:50
2,16:50
13,16:51
4,16:51
12,16:52
11,16:52
5,16:53
5,16:53
13,16:54
10,16:54
2,16:55
12,16:55
14,16:56
9,16:56
11,16:57
8,16:57
0,16:58
13,16:58
5,16:59
0,16:59
9,17:00
2,17:00
13,17:01
2,17:01
9,17:02
3,17:02
13,17:03
2,17:03
9,17:04
2,17:04
11,17:05
14,17:05
3,17:06
2,17:06
0,17:07
9,17:07
8,17:08
0,17:08
8,17:09
10,17:09
3,17:10
14,17:10
4,17:11
11,17:11
6,17:12
12,17:12
3,17:13
6,17:13
5,17:14
2,17:14
7,17:15
2,17:15
12,17:16
11,17:16
4,17:17
6,17:17
10,17:18
7,17:18
9,17:19
13,17:19
5,17:20
9,17:20
1,17:21
12,17:21
8,17:22
4,17:22
13,00:37
11,17:23
12,17:23
14,17:24
3,17:24
8,17:25
12,17:25
14,17:26
7,17:26
14,17:27
11,17:27
5,17:28
1,17:28
10,17:29
6,17:30
9,17:30
1,17:31
3,17:31
14,17:32
5,17:32
5,17:33
12,17:33
9,17:34
10,17:34
14,17:35
0,17:35
4,17:36
0,17:36
13,17:37
9,17:37
10,17:38
0,17:38
0,17:39
7,17:39
9,17:40
4,17:40
11,17:41
7,17:41
12,17:42
10,17:42
1,17:43
2,17:43
3,17:44
11,17:44
3,17:45
10,17:46
11,17:46
11,17:47
14,17:47
14,17:48
13,17:48
